Workbook

Sheet Данные
A1: ЛР4 — вариант Б.4 (проекты П1–П6)
A3: Критерий | B3: П1 | C3: П2 | D3: П3 | E3: П4 | F3: П5 | G3: П6
A4: Прибыль, млн ден.ед./год | B4: 12 | C4: 10 | D4: 13 | E4: 11 | F4: 15 | G4: 14
A5: Новые рабочие места | B5: 3000 | C5: 3500 | D5: 3000 | E5: 1500 | F5: 2000 | G5: 2500
A6: Возможности развития территории (текст) | B6: хорошие | C6: средние | D6: средние (немного хуже, чем для П2) | E6: хорошие | F6: очень хорошие | G6: очень хорошие
A8: Справочник (территория → число)
A9: Текст | B9: Число
A10: очень хорошие | B10: 1
A11: хорошие | B11: 0.85
A12: средние | B12: 0.5
A13: средние (немного хуже, чем для П2) | B13: 0.45
A15: Территория (число по VLOOKUP)
A16: K3 | B16: =VLOOKUP(B6,$A$10:$B$13,2,FALSE) -> 0.85 | C16: =VLOOKUP(C6,$A$10:$B$13,2,FALSE) -> 0.5 | D16: =VLOOKUP(D6,$A$10:$B$13,2,FALSE) -> 0.45 | E16: =VLOOKUP(E6,$A$10:$B$13,2,FALSE) -> 0.85 | F16: =VLOOKUP(F6,$A$10:$B$13,2,FALSE) -> 1 | G16: =VLOOKUP(G6,$A$10:$B$13,2,FALSE) -> 1

Sheet Экспресс
A1: 2.1 Экспресс-анализ: безразмерные оценки Pij и Pj
A3: Критерий | B3: П1 | C3: П2 | D3: П3 | E3: П4 | F3: П5 | G3: П6
A4: K1 прибыль | B4: =Данные!B4/MAX(Данные!$B$4:$G$4) -> 0.8 | C4: =Данные!C4/MAX(Данные!$B$4:$G$4) -> 0.66666667 | D4: =Данные!D4/MAX(Данные!$B$4:$G$4) -> 0.86666667 | E4: =Данные!E4/MAX(Данные!$B$4:$G$4) -> 0.73333333 | F4: =Данные!F4/MAX(Данные!$B$4:$G$4) -> 1 | G4: =Данные!G4/MAX(Данные!$B$4:$G$4) -> 0.93333333
A5: K2 рабочие места | B5: =Данные!B5/MAX(Данные!$B$5:$G$5) -> 0.85714286 | C5: =Данные!C5/MAX(Данные!$B$5:$G$5) -> 1 | D5: =Данные!D5/MAX(Данные!$B$5:$G$5) -> 0.85714286 | E5: =Данные!E5/MAX(Данные!$B$5:$G$5) -> 0.42857143 | F5: =Данные!F5/MAX(Данные!$B$5:$G$5) -> 0.57142857 | G5: =Данные!G5/MAX(Данные!$B$5:$G$5) -> 0.71428571
A6: K3 территория | B6: =Данные!B16/MAX(Данные!$B$16:$G$16) -> 0.85 | C6: =Данные!C16/MAX(Данные!$B$16:$G$16) -> 0.5 | D6: =Данные!D16/MAX(Данные!$B$16:$G$16) -> 0.45 | E6: =Данные!E16/MAX(Данные!$B$16:$G$16) -> 0.85 | F6: =Данные!F16/MAX(Данные!$B$16:$G$16) -> 1 | G6: =Данные!G16/MAX(Данные!$B$16:$G$16) -> 1
A8: Pj = MIN по критериям | C8: минимальные оценки по альтернативам
A9: Pj | B9: =MIN(B4:B6) -> 0.8 | C9: =MIN(C4:C6) -> 0.5 | D9: =MIN(D4:D6) -> 0.45 | E9: =MIN(E4:E6) -> 0.42857143 | F9: =MIN(F4:F6) -> 0.57142857 | G9: =MIN(G4:G6) -> 0.71428571
A12: делим на max & min делим на

Sheet Скаляризация
A1: 2.2 Скаляризация: П1, П6, П5
A3: Критерий | B3: П1 | C3: П6 | D3: П5 | E3: безразмерные оценки
A4: K1 | B4: =Экспресс!B4 -> 0.8 | C4: =Экспресс!G4 -> 0.93333333 | D4: =Экспресс!F4 -> 1
A5: K2 | B5: =Экспресс!B5 -> 0.85714286 | C5: =Экспресс!G5 -> 0.71428571 | D5: =Экспресс!F5 -> 0.57142857
A6: K3 | B6: =Экспресс!B6 -> 0.85 | C6: =Экспресс!G6 -> 1 | D6: =Экспресс!F6 -> 1
A8: Среднее по критерию | B8: =AVERAGE(B4:D4) -> 0.91111111 | C8: =AVERAGE(B5:D5) -> 0.71428571 | D8: =AVERAGE(B6:D6) -> 0.95 | E8: веса | F8: Чем больше разброс, тем больше вес
A9: Ri (разброс) | B9: =SUM(ABS(B4-$B$8),ABS(C4-$B$8),ABS(D4-$B$8))/(3*$B$8) -> 0.081300813 | C9: =SUM(ABS(B5-$C$8),ABS(C5-$C$8),ABS(D5-$C$8))/(3*$C$8) -> 0.13333333 | D9: =SUM(ABS(B6-$D$8),ABS(C6-$D$8),ABS(D6-$D$8))/(3*$D$8) -> 0.070175439 | E9: по критерию
A10: ΣR | B10: =SUM(B9:D9) -> 0.28480958
A11: Wi | B11: =B9/$B$10 -> 0.28545673 | C11: =C9/$B$10 -> 0.46814904 | D11: =D9/$B$10 -> 0.24639423
A12: Взвешенные оценки и суммы
A13: Eij = Wi / Pij | B13: П1 | C13: П6 | D13: П5
A14: K1 | B14: =$B$11/B4 -> 0.35682091 | C14: =$B$11/C4 -> 0.3058465 | D14: =$B$11/D4 -> 0.28545673
A15: K2 | B15: =$C$11/B5 -> 0.54617388 | C15: =$C$11/C5 -> 0.65540865 | D15: =$C$11/D5 -> 0.81926082
A16: K3 | B16: =$D$11/B6 -> 0.28987557 | C16: =$D$11/C6 -> 0.24639423 | D16: =$D$11/D6 -> 0.24639423
A17: ΣEj | B17: =SUM(B14:B16) -> 1.1928704 | C17: =SUM(C14:C16) -> 1.2076494 | D17: =SUM(D14:D16) -> 1.3511118
A20: По методу скаляризация предпочтителен проект П1

Sheet Доминирование
A1: 2.3 Доминирование: сравнение П1 и П6 (веса из метода предпочтений)
A3: V1 | B3: =4/6 -> 0.66666667 | C3: для сравниваемых алт находится обобщенная оценка по всем критериям
A4: V2 | B4: =1/6 -> 0.16666667 | C4: по которым она превосходит другую, при этом уменьшается степень превосходства
A5: V3 | B5: =1/6 -> 0.16666667
A6: безразмерные оценки
A7: Критерий | B7: П1 | C7: П6 | D7: Кто лучше | E7: Si | F7: Ci=Si^Vi
A8: K1 | B8: =Скаляризация!B4 -> 0.8 | C8: =Скаляризация!C4 -> 0.93333333 | D8: =IF(B8>C8,"П1",IF(B8<C8,"П6","=")) -> П6 | E8: =MAX(B8,C8)/MIN(B8,C8) -> 1.1666667 | F8: =E8^$B$3 -> 1.1082333
A9: K2 | B9: =Скаляризация!B5 -> 0.85714286 | C9: =Скаляризация!C5 -> 0.71428571 | D9: =IF(B9>C9,"П1",IF(B9<C9,"П6","=")) -> П1 | E9: =MAX(B9,C9)/MIN(B9,C9) -> 1.2 | F9: =E9^$B$4 -> 1.0308533
A10: K3 | B10: =Скаляризация!B6 -> 0.85 | C10: =Скаляризация!C6 -> 1 | D10: =IF(B10>C10,"П1",IF(B10<C10,"П6","=")) -> П6 | E10: =MAX(B10,C10)/MIN(B10,C10) -> 1.1764706 | F10: =E10^$B$5 -> 1.0274567
A12: D(П1→П6) | B12: 1.031
A13: D(П6→П1) | B13: 1.135
A14: D = D12/D13 | B14: 0.905
A17: веса беруться из метода предпочтения

Sheet Веса
A1: 3.1 Метод предпочтений: веса критериев
A3: Эксперт | B3: K1 прибыль | C3: K2 рабочие места | D3: K3 территория | E3: Ранги критериев
A4: 1 | B4: 1 | C4: 3 | D4: 2 | E4: ранжируем критерии по важности. 1 самый важный
A5: 2 | B5: 1 | C5: 2 | D5: 3
A7: Bij = 3 − Xij | B7: =3-B4 -> 2 | C7: =3-C4 -> 0 | D7: =3-D4 -> 1
B8: =3-B5 -> 2 | C8: =3-C5 -> 1 | D8: =3-D5 -> 0
A9: Cj = ΣBij | B9: =SUM(B7:B8) -> 4 | C9: =SUM(C7:C8) -> 1 | D9: =SUM(D7:D8) -> 1 | E9: складываем столбцы
A10: C = ΣCj | B10: =SUM(B9:D9) -> 6
A11: Vj = Cj/C | B11: =B9/$B$10 -> 0.66666667 | C11: =C9/$B$10 -> 0.16666667 | D11: =D9/$B$10 -> 0.16666667

Sheet Кемени
A1: 3.2 Кемени–Снелл: матрица потерь и сокращения
A3: Критерий | B3: П1 | C3: П2 | D3: П3 | E3: П5 | F3: П6 | G3: предназначен для ранжирования альтернатив с учетом их оценок по нескольким критериям
A4: K1 | B4: 4 | C4: 5 | D4: 3 | E4: 1 | F4: 2
A5: K2 | B5: 2 | C5: 1 | D5: 2 | E5: 5 | F5: 4
A6: K3 | B6: 3 | C6: 4 | D6: 5 | E6: 1 | F6: 1
A8: Веса Vi (из листа «Веса») | B8: =Веса!B11 -> 0.66666667 | C8: =Веса!C11 -> 0.16666667 | D8: =Веса!D11 -> 0.16666667
A10: Rjk (полная 5×5) | B10: Матрица потерь
A11: j \ k | B11: П1 | C11: П2 | D11: П3 | E11: П5 | F11: П6 | G11: ΣRj
A12: П1 | B12: — | C12: =$B$8*MAX(0,B$4-C$4)+$C$8*MAX(0,B$5-C$5)+$D$8*MAX(0,B$6-C$6) -> 0.16666667 | D12: =$B$8*MAX(0,B$4-D$4)+$C$8*MAX(0,B$5-D$5)+$D$8*MAX(0,B$6-D$6) -> 0.66666667 | E12: =$B$8*MAX(0,B$4-E$4)+$C$8*MAX(0,B$5-E$5)+$D$8*MAX(0,B$6-E$6) -> 2.3333333 | F12: =$B$8*MAX(0,B$4-F$4)+$C$8*MAX(0,B$5-F$5)+$D$8*MAX(0,B$6-F$6) -> 1.6666667 | G12: =SUM(B12:G12)
A13: П2 | B13: =$B$8*MAX(0,C$4-B$4)+$C$8*MAX(0,C$5-B$5)+$D$8*MAX(0,C$6-B$6) -> 0.83333333 | C13: — | D13: =$B$8*MAX(0,C$4-D$4)+$C$8*MAX(0,C$5-D$5)+$D$8*MAX(0,C$6-D$6) -> 1.3333333 | E13: =$B$8*MAX(0,C$4-E$4)+$C$8*MAX(0,C$5-E$5)+$D$8*MAX(0,C$6-E$6) -> 3.1666667 | F13: =$B$8*MAX(0,C$4-F$4)+$C$8*MAX(0,C$5-F$5)+$D$8*MAX(0,C$6-F$6) -> 2.5 | G13: =SUM(B13:G13)
A14: П3 | B14: =$B$8*MAX(0,D$4-B$4)+$C$8*MAX(0,D$5-B$5)+$D$8*MAX(0,D$6-B$6) -> 0.33333333 | C14: =$B$8*MAX(0,D$4-C$4)+$C$8*MAX(0,D$5-C$5)+$D$8*MAX(0,D$6-C$6) -> 0.33333333 | D14: — | E14: =$B$8*MAX(0,D$4-E$4)+$C$8*MAX(0,D$5-E$5)+$D$8*MAX(0,D$6-E$6) -> 2 | F14: =$B$8*MAX(0,D$4-F$4)+$C$8*MAX(0,D$5-F$5)+$D$8*MAX(0,D$6-F$6) -> 1.3333333 | G14: =SUM(B14:G14)
A15: П5 | B15: =$B$8*MAX(0,E$4-B$4)+$C$8*MAX(0,E$5-B$5)+$D$8*MAX(0,E$6-B$6) -> 0.5 | C15: =$B$8*MAX(0,E$4-C$4)+$C$8*MAX(0,E$5-C$5)+$D$8*MAX(0,E$6-C$6) -> 0.66666667 | D15: =$B$8*MAX(0,E$4-D$4)+$C$8*MAX(0,E$5-D$5)+$D$8*MAX(0,E$6-D$6) -> 0.5 | E15: — | F15: =$B$8*MAX(0,E$4-F$4)+$C$8*MAX(0,E$5-F$5)+$D$8*MAX(0,E$6-F$6) -> 0.16666667 | G15: =SUM(B15:G15)
A16: П6 | B16: =$B$8*MAX(0,F$4-B$4)+$C$8*MAX(0,F$5-B$5)+$D$8*MAX(0,F$6-B$6) -> 0.33333333 | C16: =$B$8*MAX(0,F$4-C$4)+$C$8*MAX(0,F$5-C$5)+$D$8*MAX(0,F$6-C$6) -> 0.5 | D16: =$B$8*MAX(0,F$4-D$4)+$C$8*MAX(0,F$5-D$5)+$D$8*MAX(0,F$6-D$6) -> 0.33333333 | E16: =$B$8*MAX(0,F$4-E$4)+$C$8*MAX(0,F$5-E$5)+$D$8*MAX(0,F$6-E$6) -> 0.66666667 | F16: — | G16: =SUM(B16:G16)
A17: Сумма строки
A18: Сокращения (для отчёта): 4×4, 3×3, 2×2
A19: После исключения П5 (4×4: П1, П2, П3, П6) | D19: Первая сокращенная матрица
A20: j \ k | B20: П1 | C20: П2 | D20: П3 | E20: П6 | F20: ΣRj
A21: П1 | B21: — | C21: =C12 -> 0.16666667 | D21: =D12 -> 0.66666667 | E21: =F12 -> 1.6666667 | F21: =SUM(B21:F21)
A22: П2 | B22: =B13 -> 0.83333333 | C22: — | D22: =D13 -> 1.3333333 | E22: =F13 -> 2.5 | F22: =SUM(B22:F22)
A23: П3 | B23: =B14 -> 0.33333333 | C23: =C14 -> 0.33333333 | D23: — | E23: =F14 -> 1.3333333 | F23: =SUM(B23:F23)
A24: П6 | B24: =B16 -> 0.33333333 | C24: =C16 -> 0.5 | D24: =D16 -> 0.33333333 | E24: — | F24: =SUM(B24:F24)
A26: После исключения П5 и П6 (3×3: П1, П2, П3) | D26: Вторая сокращенная матрица
A27: j \ k | B27: П1 | C27: П2 | D27: П3 | E27: ΣRj
A28: П1 | B28: — | C28: =C12 -> 0.16666667 | D28: =D12 -> 0.66666667 | E28: =SUM(B28:E28)
A29: П2 | B29: =B13 -> 0.83333333 | C29: — | D29: =D13 -> 1.3333333 | E29: =SUM(B29:E29)
A30: П3 | B30: =B14 -> 0.33333333 | C30: =C14 -> 0.33333333 | D30: — | E30: =SUM(B30:E30)
A33: После исключения П5, П6, П3 (2×2: П1, П2) | D33: Третья сокращенная матрица
A34: j \ k | B34: П1 | C34: П2 | D34: ΣRj
A35: П1 | B35: — | C35: =C12 -> 0.16666667 | D35: =SUM(B35:D35)
A36: П2 | B36: =B13 -> 0.83333333 | C36: — | D36: =SUM(B36:D36)
A38: От лучшей к худшей - п5, п6, п3, п1, п2

Sheet ЭЛЕКТРА
A1: 3.3 ЭЛЕКТРА: П5, П6, П3 (формулы)
B2: Безразмерные оценки | F2: V1 | G2: =Веса!B11 -> 0.66666667
A3: Критерий | B3: П5 | C3: П6 | D3: П3 | F3: V2 | G3: =Веса!C11 -> 0.16666667
A4: K1 | B4: =Экспресс!F4 -> 1 | C4: =Экспресс!G4 -> 0.93333333 | D4: =Экспресс!D4 -> 0.86666667 | F4: V3 | G4: =Веса!D11 -> 0.16666667
A5: K2 | B5: =Экспресс!F5 -> 0.57142857 | C5: =Экспресс!G5 -> 0.71428571 | D5: =Экспресс!D5 -> 0.85714286
A6: K3 | B6: =Экспресс!F6 -> 1 | C6: =Экспресс!G6 -> 1 | D6: =Экспресс!D6 -> 0.45
A8: Cjk | B8: Матрица индексов согласия | E8: сумма весов критериев, где j не хуже k
A9: j \ k | B9: П5 | C9: П6 | D9: П3
A10: П5 | B10: — | C10: =SUMPRODUCT((B$4:B$6>=C$4:C$6)*$G$2:$G$4) -> 0.83333333 | D10: =SUMPRODUCT((B$4:B$6>=D$4:D$6)*$G$2:$G$4) -> 0.83333333
A11: П6 | B11: =SUMPRODUCT((C$4:C$6>=B$4:B$6)*$G$2:$G$4) -> 0.33333333 | C11: — | D11: =SUMPRODUCT((C$4:C$6>=D$4:D$6)*$G$2:$G$4) -> 0.83333333
A12: П3 | B12: =SUMPRODUCT((D$4:D$6>=B$4:B$6)*$G$2:$G$4) -> 0.16666667 | C12: =SUMPRODUCT((D$4:D$6>=C$4:C$6)*$G$2:$G$4) -> 0.16666667 | D12: —
A14: Djk | B14: Матрица индексов несогласия | E14: максимальная разность оценок по критерия, где j не лучше k
A15: j \ k | B15: П5 | C15: П6 | D15: П3
A16: П5 | B16: — | C16: =MAX(IF(B$4<C$4,C$4-B$4,0),IF(B$5<C$5,C$5-B$5,0),IF(B$6<C$6,C$6-B$6,0)) -> 0.14285714 | D16: =MAX(IF(B$4<D$4,D$4-B$4,0),IF(B$5<D$5,D$5-B$5,0),IF(B$6<D$6,D$6-B$6,0)) -> 0.28571429
A17: П6 | B17: =MAX(IF(C$4<B$4,B$4-C$4,0),IF(C$5<B$5,B$5-C$5,0),IF(C$6<B$6,B$6-C$6,0)) -> 0.066666667 | C17: — | D17: =MAX(IF(C$4<D$4,D$4-C$4,0),IF(C$5<D$5,D$5-C$5,0),IF(C$6<D$6,D$6-C$6,0)) -> 0.14285714
A18: П3 | B18: =MAX(IF(D$4<B$4,B$4-D$4,0),IF(D$5<B$5,B$5-D$5,0),IF(D$6<B$6,B$6-D$6,0)) -> 0.55 | C18: =MAX(IF(D$4<C$4,C$4-D$4,0),IF(D$5<C$5,C$5-D$5,0),IF(D$6<C$6,C$6-D$6,0)) -> 0.55 | D18: —
A20: Пороги (задаются ЛПР) | B20: C* | C20: D*
B21: 0.45 | C21: 0.35
A23: Предельные Cj и Dj | B23: Cj=min строки Cjk | C23: Dj=max строки Djk | D23: В ядре? | E23: те, у которых Cj > C* & Dj < D*
A24: П5 | B24: =MIN(C10,D10) -> 0.83333333 | C24: =MAX(C16,D16) -> 0.28571429 | D24: =IF(AND(B24>$B$21,C24<$C$21),"да","нет") -> да
A25: П6 | B25: =MIN(B11,D11) -> 0.33333333 | C25: =MAX(B17,D17) -> 0.14285714 | D25: =IF(AND(B25>$B$21,C25<$C$21),"да","нет") -> нет
A26: П3 | B26: =MIN(B12,C12) -> 0.16666667 | C26: =MAX(B18,C18) -> 0.55 | D26: =IF(AND(B26>$B$21,C26<$C$21),"да","нет") -> нет
A30: соседние альтер сравниваются попарно, начиная с конца списка
A32: Первый способ - скаляризация указывает на п1, метод доминирования при весах V из метода
A33: предпочтения - на п6. Второй способ - выделяет п5, п6 и п3, по ЭЛЕКТРА - п5
